Day,MSE 0/100,MSE 100/0,MSE 70/30,MSE 10/90,MSE 30/70
2022-07-28,1.2095750821754336,11.008385494351387,4.485503509640693,0.9987783059477806,1.7569214617833495
2022-07-29,1.2849687365815043,11.174647472798824,4.7600392531603575,1.0151317971758544,1.822584788314998
2022-07-30,1.5251096757128837,9.220216646790504,4.247370762750506,1.163705843500793,2.106657545082271
2022-07-31,1.405750005505979,10.775270853191614,4.6392043121159094,1.1144866095855832,2.050131065770984
2022-08-01,1.4855407364666462,11.862203478813171,5.0177001021802425,1.092491252347827,2.123317988589406
2022-08-02,1.4641535840928557,11.043514609336851,4.224541112780572,1.0894021368585527,1.9928282406181097
2022-08-03,1.9801590079441669,9.980228114873169,4.2614998295903215,1.2671009078621864,2.417844696901738
2022-08-04,1.5973974717780948,10.522412471473217,4.207991100847721,1.1858104448765516,1.9995676539838316
2022-08-05,1.4000987587496638,10.9169415012002,4.387311553582549,1.194495353847742,2.018984374590218
2022-08-06,1.4653813932090998,10.537539459764957,4.2725952342152596,1.240030329208821,2.0195612311363216
2022-08-07,1.4002920733764768,11.236833035945892,4.150129230692983,1.1794483987614512,1.9833249505609276
2022-08-08,1.4694697363302112,10.311151407659056,4.218973936513066,1.2493577599525452,2.1214584633708
2022-08-09,1.8017357820644968,10.443617999553679,4.335024934262037,1.3426536787301302,2.2321842843666677
2022-08-10,1.280254377052188,11.248195376247168,4.1913479939103135,1.1176105169579387,1.8528709444217384
2022-08-11,1.5169695625081658,11.890276372432707,4.183144234120847,1.1887741670943797,2.0539560355246067
2022-08-12,1.4112499728798866,10.159552842378618,4.1960454918444166,1.2022041901946068,2.0023894775658846
2022-08-13,1.476981220766902,10.463059656322002,4.279352221637963,1.1923776799812913,1.9750305893830955
2022-08-14,1.5431424393318594,10.505954604595901,4.2578325513750315,1.2869139946997166,2.01615946367383
2022-08-15,1.601138252299279,10.55901400744915,4.246947560459375,1.2136996421031654,2.0652036694809794
2022-08-16,2.042532186023891,10.229820571839813,4.33726348914206,1.429583989083767,2.4265500297769904
2022-08-17,1.761789119336754,12.377131897956133,4.792907014489174,1.3760170759633183,2.4424980115145445
2022-08-18,1.5749979112297297,11.15682452917099,4.282759688794614,1.4524782355874777,2.3566696420311932
2022-08-19,1.522065089084208,11.559333130717278,4.221371132880448,1.294743474572897,2.2166172321885824
2022-08-20,1.3918955926783383,12.100830674171448,4.493644097819924,1.1733105406165123,2.0695019513368607
2022-08-21,1.4857985288836062,11.8178940564394,4.429561486467718,1.2214885116554797,2.112911771982908
2022-08-22,1.460168429184705,12.381487414240837,4.552484890446066,1.1776341148652136,2.0766322687268257
2022-08-23,1.5503899566829205,11.659170873463154,4.211201453581452,1.334535889327526,2.228787741623819
2022-08-24,1.996863624081016,11.132215149700642,4.267233246937393,1.4306026906706393,2.4180871713906527
2022-08-25,2.00480496045202,10.922302063554524,4.174413252621888,1.4672066015191376,2.412730883806944
2022-08-26,1.4699975517578423,10.98626498132944,4.3018802627921096,1.2546544382348657,2.112893485464156
2022-08-27,1.6074671689420938,11.956569515168667,4.105781810358167,1.3530070544220507,2.2879356052726507
2022-08-28,1.415114721748978,11.877729445695875,4.502223562449217,1.181319085881114,2.0170908886939287
2022-08-29,1.4790211175568402,11.038321238011124,4.336398560553788,1.1859236075542867,2.1229572454467416
2022-08-30,1.7550488747656343,11.327257733792068,4.223469095304608,1.4528743643313646,2.4255910562351346
2022-08-31,1.8249052762985232,10.713187884539368,4.183575510978699,1.4165451074950397,2.3981562908738847
2022-09-01,2.8483822569251065,11.65481060743332,4.305016519501805,1.5241775382310152,2.4465333949774504
2022-09-02,3.0005206307396293,11.79426122456789,4.522628942504525,1.6986690438352525,2.72905417252332
2022-09-03,2.457502693869173,10.42418584227562,4.258755901828408,1.573225068859756,2.639113236218691
2022-09-04,2.2078245040029287,10.581334959715603,4.20432192273438,1.491290065459907,2.5611392827704553
2022-09-05,1.5366629557684064,12.461927197873592,4.264857899397612,1.3035217160359025,2.0580401038751006
2022-09-06,1.7633116501383483,12.930749841034412,4.94472929276526,1.482363750692457,2.229462917894125
2022-09-07,1.4924381976015866,12.672441601753235,4.829578846693039,1.2797170621342957,2.066135806962848
2022-09-08,2.4692922737449408,10.690937228500845,4.2222018633037806,1.6339559038169682,2.6947500882670283
2022-09-09,2.496300986967981,11.064956858754158,4.1508226934820405,1.6180976922623813,2.7320640860125422
2022-09-10,2.468566750176251,10.93792112544179,4.136248100548983,1.624521128833294,2.627207525074482
2022-09-11,2.203627391718328,11.169473100453617,5.075026676058768,1.5773953450843692,2.6133610680699353
2022-09-12,2.7323222346603866,11.639814712107182,4.624368008226156,1.8643248360604048,3.0341203277930617
2022-09-13,2.4979161377996206,11.709594167768955,4.683947861194612,1.8775121471844614,2.961293673142791
2022-09-14,2.48652886133641,10.982038658112288,4.236221211031078,1.6771545982919633,2.7159790741279717
2022-09-15,1.9583782204426825,12.295138947665693,4.1534868255257615,1.6881323279812932,2.59061548858881
2022-09-16,1.7272894643247128,12.096041981130838,3.9862345252186064,1.5984612959437072,2.441497952677309
2022-09-17,1.7126763984560966,11.666224244982006,3.914749911054969,1.4021297497674823,2.3961269622668624
2022-09-18,1.7696077935397625,11.668606717139482,4.0171116683632135,1.4900117903016508,2.435210715048015
2022-09-19,1.5978948888368905,12.86173889413476,3.952179802581668,1.4037964353337884,2.3715515434741974
2022-09-20,1.655727548059076,12.615375313907863,4.0773227624595165,1.455082402098924,2.3494013445451856
2022-09-21,1.9196275435388088,12.008887007832527,4.185723345726728,1.8334510177373886,2.3475363571196795
2022-09-22,1.615646230056882,13.281475771218538,4.385900404304266,1.4726831763982773,2.012025285512209
2022-09-23,1.9148295884951951,12.41271698847413,4.266043435782194,1.7887343047186732,2.2877696016803384
2022-09-24,1.7388287326321006,12.914803996682167,4.481992498040199,1.3967220461927354,2.1174986008554697
2022-09-25,1.5277073113247752,12.916749492287636,4.744083434343338,1.360088330693543,2.067660950124264
2022-09-26,1.934092417359352,12.91870828717947,4.225994534790516,1.5744927758350968,2.1423110319301486
2022-09-27,1.8578780069947245,12.764506861567495,4.309238567948341,1.500575935933739,2.0919452095404267
2022-09-28,1.9162915600463748,12.79045756906271,4.140978846698999,1.539631902705878,2.3480916023254395
2022-09-29,2.1024005860090256,12.429727725684645,4.11619040183723,1.5823620348237455,2.428639680147171
2022-09-30,1.9632444530725481,12.352340128272774,4.8397979233413935,1.530423928052187,2.31240201741457
2022-10-01,1.8843915592879057,13.136656042188404,4.556505549699068,1.452328262384981,2.3353162128478293
2022-10-02,1.9332120520994067,13.117143139243126,4.8132093250751495,1.48882886627689,2.40543978754431
2022-10-03,1.9625897007063031,13.321640565991402,4.072528369724751,1.4615288749337196,2.2559220856055617
2022-10-04,1.7458249884657562,13.65721195936203,4.441003147512673,1.444329097867012,2.155250762589276
2022-10-05,1.8897885759361088,13.344529587775467,4.492646176367998,1.5034821862354875,2.31019196100533
2022-10-06,2.0397500228136782,12.50206634402275,4.259741948917508,1.8239420279860497,2.5213226443156604
2022-10-07,1.6182417282834651,12.78337949886918,3.9685353124514218,1.369126383215189,2.078605075366795
2022-10-08,1.832720506936312,13.122392557561398,4.184960536658764,1.4369764924049377,2.2245345823466782
2022-10-09,1.5731930080801249,13.012229818850756,4.10628623329103,1.3734745373949409,1.9615294388495383
2022-10-10,1.580576249398291,13.164196014404295,3.9988085255026817,1.3242802396416664,1.9748314563184977
2022-10-11,1.632109321653843,12.94180154800415,4.019110361114143,1.366927963681519,1.979839231353253
2022-10-12,1.648769883904606,13.06813906878233,3.9974030759185553,1.3831203198060393,2.0556003972887997
2022-10-13,1.6764291934669018,13.376134391874075,3.62350242678076,1.3055903487838805,2.0120867947116494
2022-10-14,1.6732305963523686,12.838252354413273,3.900648630224168,1.2940605799667537,2.0744927460327744
2022-10-15,1.7399905202910304,12.834993079304695,4.005332300439477,1.412433609366417,2.1945781772956248
2022-10-16,1.7216728907078505,12.907308898866177,3.9720802847296,1.4142221258953214,2.1759503893554206
2022-10-17,1.750591951422393,13.137846328318119,3.800179408863187,1.414906564168632,2.101964084431529
2022-10-18,1.3432483468204737,13.14303020015359,3.8540213322266936,0.8376034826505929,1.6508055059239268
2022-10-19,1.5835158666595817,13.124717082828285,3.7696454348042607,1.2261381559073925,1.843872789759189
2022-10-20,1.8348683416843408,13.33209190517664,4.027912113815547,1.5319989435374737,2.0809120265766983
2022-10-21,1.320364193525165,13.210645671933891,3.3741118339821696,0.9257952065672725,1.6320921038277447
2022-10-22,1.5438058599829674,13.178610540926455,4.047189429402351,1.2288447981700301,1.7571354378014803
2022-10-23,1.2362775555811822,13.498612269759178,3.3993227686733007,0.8894052123650908,1.5918362326920033
2022-10-24,1.3252254389226437,13.582581114023926,3.7197170639410615,0.7800001173745841,1.5557361510582268
2022-10-25,1.42225275747478,13.342566043138506,4.099369179457426,0.9123269480187446,1.6087507875636218
2022-10-26,1.2784970900975168,13.664159886538982,4.345336155965923,0.7700711907818913,1.609604079276323
2022-10-27,1.5983115602284668,13.060700017958881,3.6770123429596415,1.1856319732032716,1.826939235907048
2022-10-28,1.1630983510985968,13.17673534154892,3.4172008093446493,0.8411065977998078,1.5056658815592527
2022-10-29,1.2896487792022526,13.083177711814642,3.4349634312093262,0.9278710233047605,1.6255404241383076
2022-10-30,1.5212690318003297,13.210278041660786,3.742317063733936,1.117746359668672,1.7810019571334124
2022-10-31,0.8213503891602159,13.423555847257376,3.3714636135846376,0.7029591919854283,1.3441338180564344
2022-11-01,1.178131769411266,13.857391867786644,3.88949646614492,0.8110325178131461,1.5608245530165732
2022-11-02,0.8734666707459837,13.158900998532774,3.3751142676919703,0.7973471959121525,1.351381097920239
2022-11-03,0.9982219920493662,13.469382338225842,3.482903796248138,0.8261255454272032,1.4689768315292897
2022-11-04,1.0256835934706032,12.647680230438715,3.7376150535419583,0.8434697147458792,1.541485965717584
2022-11-05,1.3079217611812055,13.189428560435774,3.6034480528905988,0.9238270903006196,1.6928355256095529
2022-11-06,0.8616468706168234,13.227810300886633,3.313071671873331,0.7597020221874118,1.361462431959808
2022-11-07,0.9180094243492932,13.182800766080618,3.384280325844884,0.7756009034346789,1.370803874451667
2022-11-08,0.8893680456094444,13.154883664101362,3.2834190130233765,0.7154237106442451,1.318246875889599
2022-11-09,0.9252064756583422,13.240614663809538,3.3317878050729632,0.7449738937430084,1.3610211806371808
2022-11-10,0.8462322258856148,13.391752503812313,3.3007325464859605,0.7466526911593974,1.3133078534156084
2022-11-11,1.2986723450012505,13.114667572081089,3.5119021777063613,0.7821361965034157,1.5930981212295592
2022-11-12,1.6161217982880771,13.125531189143658,3.938274923712015,0.9321504249237478,1.739929486066103
2022-11-13,2.6005336688831453,12.206735741347075,4.7245330084115285,1.8197817262262106,2.9636001493781805
2022-11-14,2.765274541452527,12.008404433727266,4.470433043316007,1.731541792396456,3.0456261103972797
2022-11-15,1.0026640724390743,13.16563043743372,3.836953598074615,0.782173303887248,1.504578189924359
2022-11-16,1.4324416732415557,13.284514658153055,3.8694810401648283,0.9181311959400773,1.6011610510759056
2022-11-17,0.8863432891666889,13.306325487792492,3.5451717674732213,0.7928722235374153,1.3405820773914456
2022-11-18,0.797012101393193,12.973491847515106,3.330249600112438,0.6800153106451035,1.303480986971408
2022-11-19,0.8884505729656667,13.347040303051472,3.378926175646484,0.6791028846055269,1.3501684879884124
2022-11-20,0.7954868394881487,13.164334706962109,3.4275419544428587,0.6619810627307743,1.3115992513485253
2022-11-21,0.8066812762990594,13.35640775039792,3.449850557371973,0.7125337875913829,1.338218247983605
2022-11-22,0.8408716041594744,13.109879828989506,3.4699179930612445,0.7359971723053604,1.3538984628394246
2022-11-23,0.7648947997950017,12.888108529150484,3.345219846814871,0.6684542528819293,1.3043547025881708
2022-11-24,1.1656810250133276,13.176057077944279,3.5908351046964526,0.9412645327392966,1.6308680945076048
2022-11-25,0.9066026145592332,13.27186893671751,3.5245706979185343,0.7421630539465696,1.3342309556901455
2022-11-26,0.7943090808112174,13.423795234411955,3.4048170363530517,0.6550158583559096,1.331356409937143
2022-11-27,1.2514747213572264,13.225315734744072,3.6419862974435087,0.822023309301585,1.530397329479456
2022-11-28,1.4396745851263404,13.667295668274164,4.067326923832296,0.8847497496753931,1.5893017686903477
2022-11-29,0.7622437295503914,13.188434913754465,3.3232631999999285,0.6851305486634374,1.2848831224255264
2022-11-30,0.861049946397543,13.365186229348184,3.2884378312155604,0.6691149424295872,1.2936747819185257
2022-12-01,0.8965173619799316,12.913728654384613,3.3217862667515874,0.7042068312875926,1.3194941589608788
2022-12-02,0.8294130815193057,12.903005629777908,3.252566568553448,0.6893345480784774,1.3110466185025869
2022-12-03,0.9585998556576668,13.4086349979043,3.4276416990906,0.7161033991724253,1.3640227820724249
2022-12-04,0.9910108102485538,13.288122564554214,3.505326393060386,0.7420530973467976,1.4088071789592505
2022-12-05,0.8142027352005243,13.065365217626095,3.205301142297685,0.6703450076747686,1.290405176114291
2022-12-06,1.034528212621808,13.173334524035456,3.2750922348350286,0.7174047105945647,1.4097401476465166
2022-12-07,1.4571094745770097,13.529204428195953,4.0847960114479065,0.9146934491582215,1.630135802552104
2022-12-08,1.2340002902783451,13.124715182930233,3.6783847818151116,0.9591992141213268,1.543659686576575
2022-12-09,2.6895835530012846,12.285055238753555,4.285676032304764,1.9401260185986757,3.1457139272242785
2022-12-10,2.733965646475553,12.01659869402647,4.325839877128601,1.8185890652239323,3.1497421860694885
2022-12-11,2.663028915412724,12.504258826375008,4.379782732576132,1.7615852365270257,3.1050765328109264
2022-12-12,3.1245110649615526,12.855125349014996,5.3116537537425765,2.160309716127813,3.520822436548769
2022-12-13,2.9407458007335663,12.592982165515425,4.522192440927028,2.000552751123905,3.1570708053186536
2022-12-14,1.0320344776846468,13.723565898835659,3.6927499109879136,0.9647696558386087,1.6238391841761768
2022-12-15,1.0037484392523766,14.16362028568983,3.7218874599784613,0.9302114602178335,1.6511352569796145
2022-12-16,1.3910890859551728,14.193955007940529,4.118435606360436,1.0064358450472355,1.736451247707009
2022-12-17,1.2077441741712391,14.123673979192972,3.90852109529078,0.9777708363253623,1.5963516966439784
2022-12-18,0.9843298187479376,13.648654818534851,3.645194750279188,0.9263235563412309,1.5234121168032289
2022-12-19,0.9710998786613344,13.950231336057186,3.6501330602914095,0.9161599329672754,1.548230010084808
2022-12-20,0.889775751857087,14.046630263328552,3.6054975679144254,0.8916837838478386,1.4657820342108607
2022-12-21,0.9079689381178468,13.295631911605597,3.547245031222701,0.8768991334363818,1.496920888312161
2022-12-22,1.2854369427077472,13.852374237030745,3.805824243463576,0.9586962161120027,1.6245898813940585
2022-12-23,3.112569255754352,13.292398285120726,5.155973732471466,2.130791712552309,3.4358502086251974
2022-12-24,2.925589601509273,11.815602779388428,4.409225452691317,1.8860555137507617,3.0720639042556286
2022-12-25,1.0420896881259978,13.64433255046606,3.6026453459635377,0.9619053220376372,1.695817178115249
2022-12-26,0.9967235662043096,13.76080010086298,3.608988868072629,0.8872170641552657,1.7273573856800797
2022-12-27,0.9590802330058068,13.877711277455091,3.59541742131114,0.9200781758408993,1.7415687418542802
2022-12-28,0.971197842154652,14.273240603506565,3.654830558225513,0.89811208890751,1.6723522497341037
2022-12-29,1.1065013380721211,13.839448280632494,3.658555308356881,0.868383968481794,1.5591198694892228
2022-12-30,1.1605636496096852,13.838648423552511,3.685285924002528,0.9407596942037344,1.6044914536178112
2022-12-31,1.453281061258167,14.016765765845776,4.1093844920396805,0.9703202673699707,1.806330804247409
2023-01-01,1.725378166884184,14.23109421506524,4.743322525173426,1.3207991514354944,2.1389717236161228
2023-01-02,1.0619628592394292,13.654421959072351,3.547547115013004,0.8976407360751182,1.5190176526084542
2023-01-03,1.2109558330848813,14.166548978537321,3.8277773279696703,1.0011164867319167,1.7070413008332253
2023-01-04,1.4181784261018038,14.400575570762156,4.230627436190844,1.1858432181179523,1.818949927110225
2023-01-05,1.8095337948761885,14.57746272906661,4.950193874537948,1.3447827519848943,2.1189277991652493
2023-01-06,1.4579074317589402,14.639033675193787,4.097572825849056,1.0429188748821616,1.7309732479043305
2023-01-07,1.0089534474536777,13.400108255445955,3.5697222501039505,0.988045841222629,1.5852843155153096
2023-01-08,1.0951385227963328,13.373771868646145,3.68449532892555,0.9771289676427841,1.6003871988505125
2023-01-09,1.0640528658404946,13.938287626951931,3.739233054220677,1.014976124279201,1.6103307902812958
2023-01-10,1.0924874525517223,13.483541328459976,3.5401491494849324,0.9806607593782246,1.613277888391167
2023-01-11,1.1609651218168435,13.921083100140095,3.741858475841582,0.9384785697329789,1.656966400332749
2023-01-12,1.2650696793571117,14.235974103212357,3.8742502592504025,0.9169132425449789,1.7730786697939038
2023-01-13,1.7543234699405732,14.052415452897547,4.2625927459448585,1.0440983553417027,1.9191826111637056
2023-01-14,1.14200497046113,12.796664535999296,3.434467557817697,0.7927535986527801,1.517697460949421
2023-01-15,1.294325734488666,12.42965742945671,3.2766606006771326,0.7224575488362461,1.3682214380241928
2023-01-16,1.429606550373137,12.027897387742994,3.1847535073757167,0.7146480772644281,1.394506290089339
2023-01-17,1.3888629991561174,12.173718363046644,3.3063529198989268,0.7044083985965699,1.4081948180682955
2023-01-18,1.20048490120098,12.36247893422842,3.2701484626159067,0.7083798386156559,1.4842106890864668
2023-01-19,1.2834870535880327,12.683058232069016,3.4172369074076414,0.7584779534954578,1.5026845852844417
2023-01-20,1.6249321005307138,13.50976087152958,4.0205756574869165,0.934776202775538,1.846585606690496
2023-01-21,1.1857367050833998,12.41739358752966,3.308745129033923,0.7264041120652109,1.535764541476965
2023-01-22,1.1627840367145836,13.050731252878904,3.347922214306891,0.7351206662133336,1.5228277794085443
2023-01-23,1.363429301418364,13.759772256016731,3.8645664788782597,0.7963654829654843,1.648962723556906
2023-01-24,1.0642421431839466,12.754769884049892,3.3381546009331937,0.719579856377095,1.4210542780347168
2023-01-25,1.165641602128744,12.651183642446995,3.3522801054641604,0.6984097673557699,1.4144565258175137
2023-01-26,1.5309697925113142,13.202871289104225,3.932299031876028,0.8599458681419492,1.7294821841642258
2023-01-27,1.268373008351773,12.563447300344706,3.3851162809878588,0.8089311711955816,1.57650156179443
2023-01-28,1.2608048832044003,12.741406001150608,3.2820278126746416,0.8685379195958376,1.5184892434626818
2023-01-29,1.9653655705042183,12.218609154224394,3.905407637357712,1.7741869040764868,2.5511859543621545
2023-01-30,2.6774517539888616,11.347032822668552,4.238113034516573,1.9731887569651008,3.0347318574786186
2023-01-31,1.3217206019908192,13.03455077111721,3.6562737682834254,0.9890511841513216,1.7117581539787352
2023-02-01,1.1696050269529223,12.698270715773106,3.2970289327204227,0.7939892448484898,1.4316787454299629
2023-02-02,1.1081005772575736,12.364617269486187,3.223360385745764,0.7922355795744807,1.4097400289028883
2023-02-03,1.1050039809197187,12.57112193852663,3.340329984202981,0.858510376419872,1.4611987676471472
2023-02-04,1.688825790770352,12.782463748008013,3.630062299780548,1.4748289925046265,2.074428386986256
2023-02-05,1.025252197869122,12.913433220237494,3.3782084891572595,1.0071462881751359,1.5078533766791224
2023-02-06,1.54245859477669,12.5140281021595,3.2933048950508237,0.850513408659026,1.4937243098393085
2023-02-07,1.402794832829386,12.600078284740448,3.3232767367735505,0.9207568550482392,1.4869815716519952
2023-02-08,1.9335393095389009,12.811327949166298,3.848540363833308,1.6232384601607919,2.3218734841793776
2023-02-09,1.3310377020388842,12.527888808399439,3.295031189918518,1.0021857731044292,1.5568914078176022
2023-02-10,1.49704129435122,13.23090048506856,3.78773198928684,1.213526395149529,1.8456393387168648
2023-02-11,1.3521326263435185,12.724703047424555,3.354185465723276,0.9677646076306701,1.59724393626675
2023-02-12,1.5299161802977324,12.549028974026447,3.4844738245010376,1.2268732977099717,1.79644504096359
2023-02-13,1.9901698082685468,13.02534006536007,4.159042127430439,1.8419714667834342,2.3908780189231043
2023-02-14,1.3569818786345422,12.737833242863415,3.3680905820801854,1.0355415707454085,1.7555087688378992
2023-02-15,1.3999378611333668,12.703276947140695,3.4433030337095265,1.2417642236687243,1.78834886290133
2023-02-16,1.2114825798198579,12.812416590750216,3.4089861251413818,1.0138539969921112,1.5281856106594205
2023-02-17,1.3813415402546525,13.377628661692142,3.900822945870459,1.3832953479140997,1.688214736059308
2023-02-18,1.8251428822986784,12.536221761256455,3.940283115953207,1.704553859308362,2.224643588997424
2023-02-19,1.5947838057763877,12.552615981549025,3.4250032156705856,1.2716997298412025,1.8129543238319457
2023-02-20,1.556982840411365,12.928129881620407,3.6180316703394055,1.5174139011651278,1.9939674669876692
2023-02-21,1.606301700230688,12.958230916410685,3.941224990412593,1.4321609633043408,2.1411238331347704
2023-02-22,2.009029383771121,12.595709469169377,4.453742438927293,1.756359210703522,2.4651067983359103
2023-02-23,1.3553902390412986,13.689243290573359,3.953041643835604,0.8091067336499691,1.7366433748975396
2023-02-24,2.1049158135429025,13.169797863811256,4.3325602915138015,1.918192645534873,2.710789740085602
2023-02-25,1.8471401394344864,12.479167822748424,4.49897806160152,1.6560572991147637,2.294983514584601
2023-02-26,2.073148568160832,12.014222871512175,5.047537526115775,1.7980943899601698,2.726895888336003
2023-02-27,2.085313377901912,11.96962371468544,4.2376257106661805,1.6898715659044683,2.5699009001255035
2023-02-28,2.4562660977244377,12.473337035626173,4.677465409040451,1.0776801221072674,2.322684265673161
2023-03-01,2.3735108133405447,12.73658026009798,5.088684093207121,1.9912342261523008,2.8799699619412418
2023-03-02,2.0866292947903275,13.686717376112938,4.752147076651454,1.8845181399956346,2.573068030178547
2023-03-03,2.1699799597263336,12.434336878359318,4.3845386523753405,1.795914494432509,2.6882548118010163
2023-03-04,2.2153112897649407,13.710941076278687,5.273839607834817,1.8067460507154465,2.6701974682509904
2023-03-05,1.9013834162615242,12.399284709244967,4.414898073300718,1.8106263549998403,2.516179857775569
2023-03-06,2.2355919890105724,12.334273047745226,4.357604747638106,1.8618847732432187,2.762630358338356
2023-03-07,2.052632519043982,12.648023162037134,4.126330632716416,2.0008662343025208,2.5200010277330875
2023-03-08,2.351873824372888,11.92017886787653,4.339488269761206,2.0103894732892513,2.757719596847892
2023-03-09,2.4746117508038883,11.934010125696659,4.390747044235469,2.182140494696796,2.83853389788419
2023-03-10,2.1549251675605774,12.132133394479752,5.297934589907528,1.806142358109355,2.6391215482726693
2023-03-11,2.0960337901487947,14.051608946174385,4.657019181177018,1.8161459150724113,2.5405731238424782
2023-03-12,2.4643473140895367,12.182385697960855,4.3845111038535824,2.171812648884952,2.7740276092663407
2023-03-13,2.124533923342824,13.351277075707912,6.005126042291522,2.014820510521531,2.6082876278087497
2023-03-14,2.6496310718357563,13.749577403068542,5.846346337348223,2.1263485634699464,2.886402066797018
2023-03-15,2.322847181931138,12.7463723346591,4.758007312193513,2.2265508491545916,2.6655683666467667
2023-03-16,2.2183442395180464,12.064731661230324,4.516044845804572,2.2078031301498413,2.635782952420413
2023-03-17,2.2404828015714884,12.299847844988108,5.605886690318584,2.03829612582922,2.7094700234010816
2023-03-18,2.152658351697028,12.77671940624714,4.40735500305891,2.059031850658357,2.500765984877944
2023-03-19,2.519622473046184,11.857600025832653,4.527160674333572,2.225637473165989,2.686148537322879
2023-03-20,2.6347788562998176,11.89955547451973,4.500194946303964,2.4281523562967777,2.8776413993909955
2023-03-21,2.644783006981015,11.442821882665156,4.4706429820507765,2.2946422453969717,2.8343762084841733
2023-03-22,2.155236275866628,12.094095535576345,4.858797853812575,2.0107015315443277,2.5790641084313397
2023-03-23,2.03632403165102,13.00646647810936,5.147936213761568,1.8910440523177385,2.5268815085291862
2023-03-24,2.3023280454799533,12.646990567445755,5.182826416566968,2.096915105357766,2.703440934419632
2023-03-25,2.2802388807758693,13.002228755503893,6.148243462666869,2.0853793993592262,2.6900435658171773
2023-03-26,3.032222567126155,13.0574369430542,4.453541524708272,2.3877676483243704,3.0069097504019737
2023-03-27,2.1818305738270283,12.08391873165965,4.561886060982944,1.9528984394855797,2.5738032907247543
2023-03-28,1.9884580001235008,12.95857384800911,4.578813677653669,1.8020278913900256,2.375300517305732
2023-03-29,2.6154979784041643,10.878586359322071,4.39269776456058,2.174198445864022,2.75837411172688
2023-03-30,2.591963703744113,10.834236089140177,4.4110640790313465,2.3351822700351477,2.83035151194781
2023-03-31,2.2638334985822444,11.574511416256428,5.70914757438004,1.942548151127994,2.7205077186226845
2023-04-01,2.2316145524382596,13.422250617295505,4.787229169160128,1.9230285985395312,2.7093360805884004
2023-04-02,2.4178900569677357,11.959200873970985,4.469888722524047,2.3860708018764853,3.05083183106035
2023-04-03,2.5356808863580227,11.107087098062037,4.492524582892656,2.1965524088591337,2.7264812355861068
2023-04-04,2.043491397053004,10.983089301735165,4.451585579663514,1.8925269227474928,2.513649668544531
2023-04-05,2.2505278000608087,12.421339675784113,6.061057616025209,2.045736601576209,2.7255690470337868
2023-04-06,2.0464075030758977,11.877749394625425,4.887270200997591,2.05316876526922,2.580945244990289
2023-04-07,2.1325201448053117,12.76741275563836,5.223676124587655,2.0992795284837484,2.5628841016441584
2023-04-08,2.7026232657954097,11.989207863807678,4.628935838118196,2.273136586882174,2.696676584891975
2023-04-09,2.7870017755776644,11.160183548927307,4.482375802472233,2.2897336212918162,2.830546014010906
2023-04-10,3.1916548870503902,11.386993378400804,4.4927026983350515,2.3407166730612516,3.0083144875243306
2023-04-11,2.392997592687607,11.071658749133348,4.7721563279628745,2.1433381643146276,2.6199316279962663
2023-04-12,2.332356171682477,11.52590062469244,4.5854699704796085,2.164420858025551,2.692320356145501
2023-04-13,2.710320465266705,11.086961477994919,4.148724256083368,2.020133575424552,2.792371362447738
2023-04-14,2.3389454931020737,10.742118582129477,4.339102115482092,1.9097456987947226,2.663039602339268
2023-04-15,2.0982512086629868,11.002919487655165,4.862476531416178,1.9309122255071998,2.7668516943231225
2023-04-16,1.9755945028737187,12.709621656686068,5.055955499410628,2.052271063439548,2.4458180833607908
2023-04-17,2.1074645267799497,12.126904875040054,4.642414189875126,2.039838368073106,2.5594291370362043
2023-04-18,2.1486341301351786,12.011733055114744,4.728898499161005,2.0706663513556123,2.5825261976569895
2023-04-19,2.388088018633425,11.361455898731947,4.6116709895432,2.0507732313126326,2.6012960029765964
2023-04-20,2.4295169580727816,10.779396481812,4.5003778114914885,2.0689457561820745,2.596594942733645
2023-04-21,2.5647094286978245,10.39447808638215,4.385240664705633,1.9762718165293336,2.5807296065613627
2023-04-22,2.2135992441326384,11.966688372194767,5.459646787494421,2.1046495903283358,2.5568205770105124
2023-04-23,2.0739510376006365,13.424130566418171,4.694719333201646,2.024426870048046,2.4438260402530427
2023-04-24,2.1601256635040045,11.723923198878765,4.590436303988098,2.056570532731712,2.543341987766325
2023-04-25,2.1596777625381947,12.069523204118012,4.587071584537624,1.969058378599584,2.489427393302321
2023-04-26,2.1345577854663134,11.543066203594208,4.696648679673672,1.9651808054186404,2.501184912398457
2023-04-27,2.1320268837735057,12.512384690344335,5.249572210013866,1.929146982729435,2.4652454908937216
2023-04-28,2.138471575453877,12.363360486924648,5.632191728800535,1.9425746309570968,2.5673873350024223
2023-04-29,2.1357917692512274,14.037816636264324,6.3241564482450485,2.1125417668372393,2.6939471438527107
2023-04-30,2.0509000495076184,13.772543370723724,6.154333110898732,2.1211639791727066,2.6470569474622607
2023-05-01,2.2198187978938217,12.24136708304286,4.6646795701235515,2.056459626182914,2.616952350363136
2023-05-02,2.1490701567381616,12.681859396398067,4.752196474000812,2.0267480704933405,2.5067297648638487
2023-05-03,2.141994461417198,12.785848416388035,4.915135530754924,1.9939061952754855,2.5236602313816547
2023-05-04,2.142830416560173,12.861509956419468,4.914473416283727,1.9513646280393004,2.571450979448855
2023-05-05,2.1634286362677813,11.935598440468311,4.804425621405244,2.0848536025732756,2.564887069165706
2023-05-06,2.3459307057783008,10.728113483637573,4.603252541273832,2.144595184363425,2.763646803796292
2023-05-07,2.404128620401025,11.145625580102204,4.733744189143182,2.064742469228804,2.673486191779375
2023-05-08,2.3707101261243224,10.397971048951149,4.5157484617084265,1.9424745300784707,2.6949412655085325
2023-05-09,2.1311021083965898,11.26680962741375,4.905486898496747,2.0136249996721745,2.6711775781586766
2023-05-10,2.364841578528285,10.97413033246994,4.661109186708926,1.9613667600788176,2.6787911821156736
2023-05-11,2.349539324641228,11.434092801064253,4.583015302196143,1.9540646206587553,2.480259197764098
2023-05-12,2.348171160556376,11.779744103550911,4.917325638234615,2.0600212225690484,2.5166251463815565
2023-05-13,2.3300993302837014,11.560056991875172,5.775017514824867,2.0240592397749424,2.7554525434970856
2023-05-14,2.713052281178534,11.05433452874422,4.558935994282366,2.0333376294001937,2.742015989497304
2023-05-15,2.5078846653923392,10.84645813331008,4.786440711468458,2.044349438510835,2.6309776352718472
2023-05-16,2.614985480904579,11.449382230639458,4.9702586978673935,2.0832386892288923,2.6421704096719623
2023-05-17,2.952206223271787,10.66110882908106,4.528062175959349,2.096023103222251,2.8105951845645905
2023-05-18,3.048358876258135,10.560923404991627,4.468490872532128,1.9875683728605509,3.072773516178131
2023-05-19,2.8000103775411844,11.59602776169777,4.926185812801124,1.9745348347350955,2.8403347637504335
2023-05-20,2.625469355843961,12.484085708856584,5.914826262742281,1.9560158159583807,2.772580599412322
2023-05-21,2.8412688011303544,11.292654890567064,5.167632931843401,1.999025708064437,2.69418035633862
2023-05-22,2.9020068794488907,11.35444812476635,4.9603526294231415,2.050917148590088,2.6602807128801937
2023-05-23,3.0670175375416875,11.665480434894562,5.03272402100265,2.06440974958241,2.722960961982608
2023-05-24,2.8455293225124483,12.029343210160732,5.35889851860702,1.9875839282758534,2.7444148482754827
2023-05-25,3.701016367413104,10.432924423366783,4.8195972573012105,2.194453258998692,3.0689428467303514
2023-05-26,3.2485599210485816,9.811117239296435,4.80739563703537,2.139100441709161,2.894175974652171
2023-05-27,3.229137025773525,10.626557283103468,4.720038324594499,2.0741844875738025,2.881298465654254
2023-05-28,3.404199806973338,10.923238713294268,4.728657687082887,2.0942224748432636,2.978089246898889
2023-05-29,3.0665119271725416,10.881379209458828,4.7935643792152405,1.9800197216682136,2.7032454824075103
2023-05-30,3.137089340016246,10.592403765767813,4.798576785251498,2.0107829896733165,2.741791564039886
2023-05-31,3.314470471814275,10.82489239051938,4.800554104149342,1.9825051445513964,2.775842724367976
2023-06-01,3.3764881314709783,10.667555183172228,4.716208130121232,2.1113132452592254,2.8224823717027903
2023-06-02,3.3076586248353124,11.509160622954367,4.7854841127991685,2.082997877150774,2.76121873408556
2023-06-03,2.897416250780225,12.151872385293245,5.345237776637077,1.8253871379420161,2.6524015981704
2023-06-04,3.114145696163177,11.621628887951374,4.772894913330673,1.8666006764397025,2.6710607344284654
2023-06-05,3.07320645544678,10.904888547956944,4.798148358240724,1.8981439713388681,2.735265651717782
2023-06-06,2.774744583293796,11.816274393349886,5.260453401133418,1.9399818638339639,2.736602467484772
2023-06-07,3.2051520003005862,12.289695739746096,5.573866758495568,1.9351258431561291,2.912421408109367
2023-06-08,2.7921310253441334,12.323842607438564,5.148259196430447,1.8456369638442993,2.6060939580202103
2023-06-09,3.2285466324537992,11.583402939140795,4.874278698116541,1.9211636111140251,2.6693061785772443
2023-06-10,3.028663345612585,10.818131603300571,4.880426768213511,1.9889234751462936,2.6716349786147475
2023-06-11,2.890370478853584,11.973891835659742,5.420055761933327,1.9815136352553964,2.804655865766108
2023-06-12,2.8572930162772536,12.346397247165447,5.279877958819268,1.9378345040604472,2.7215821109712124
2023-06-13,2.950256452895701,11.529842913150787,4.9951639864593735,1.9960483303293586,2.72729747928679
2023-06-14,2.5432534050196414,12.264083214104176,5.19426760263741,2.0039281575009227,2.9430584516376257
2023-06-15,2.3861270863562822,11.28969579935074,4.799182377755641,1.8848943198099732,2.735927291214466
2023-06-16,2.7274580206722017,12.41808420047164,5.3654032945632935,2.004030514508486,2.86116215866059
2023-06-17,2.682933434844017,11.865778136998415,5.138997193425894,2.081238334067166,2.6264307042583823
2023-06-18,2.699876488186419,11.527490839362144,4.799861116334796,1.9260664167813957,2.6442180247977376
2023-06-19,2.5356151023879647,11.606317609548569,4.731586854904889,1.8570956052280962,2.5249987095594406
2023-06-20,2.6438264083117247,11.543678920716047,5.337728429585695,1.9002909748815,2.7859318954870105
2023-06-21,2.6692764926701784,11.652392037212849,4.95277488604188,1.9983464945107698,2.6314438227564096
2023-06-22,2.6883821049705148,12.375480886548758,5.717278188094497,1.9658829364925623,2.636786811053753
2023-06-23,2.5455508567392826,11.961617544293404,5.565139576792717,1.9324461556971073,2.746174391359091
2023-06-24,2.5659574242308736,12.651647217571735,5.065015638247131,2.0670213969424367,2.62793661095202
2023-06-25,2.7467016130685806,11.584735717624426,4.808612521737813,2.0647215703502297,2.6139488490298386
2023-06-26,2.6889534993097186,12.45422026142478,5.579953081905842,2.059320160187781,2.6127485884353523
2023-06-27,2.6452860049903397,12.65531687065959,5.478257238864899,2.207748033106327,2.749442928470671
2023-06-28,2.7798657584935427,12.252399791032074,5.148775968700647,2.057654899545014,2.6584584731608634
2023-06-29,2.6707206526771192,11.168687492609024,5.0701201893389225,2.0069098100066185,2.570478469133377
2023-06-30,2.752407481893897,10.940321646630764,5.1497031189501286,2.0636303164064884,2.6419307850301266
2023-07-01,2.7796817058697343,10.696555227041245,5.266048600897194,2.0367581583559513,2.6688103051856156
2023-07-02,2.9205959569662814,11.330289971083404,5.539569323882461,2.2140948800370097,2.8861700417473912
2023-07-03,2.897775094024837,11.350269299000502,5.0562761072069415,2.2321966337040067,2.8614288568496704
2023-07-04,2.7444445341825485,12.18464657664299,5.1225849241018295,2.1941965352743864,2.7755451528355484
2023-07-05,3.4690428525209427,10.86955139413476,4.704574579373002,2.310233758762479,3.0866408720612526
2023-07-06,3.467977484688163,10.576338227838278,4.796794680878519,2.4050992308184505,3.055478506721556
2023-07-07,3.21362127084285,11.212690081447363,5.7767563965171576,2.256932593882084,3.2243701815605164
2023-07-08,3.214537734165788,11.199028864502909,5.405135862529278,2.177778803743422,2.9684308776631947
2023-07-09,3.201177651062608,12.022272739559412,5.987935289740562,2.276031794026494,3.0580934789031744
2023-07-10,3.098109131678939,13.400794118642807,5.353953083977103,2.558910227380693,3.0205973284319043
2023-07-11,3.2839671336114407,11.165535561740398,4.8550431802868825,2.3854899080470204,2.920407629571855
2023-07-12,3.4374190494418144,10.746350605040787,4.817745806649327,2.2771983314305544,3.114849608391524
2023-07-13,3.084503961727023,11.024044454097748,5.172182712703943,2.211348577402532,2.933443542569876
2023-07-14,3.1161600630730386,10.640807468444107,5.254901899024843,2.17443379573524,2.915095277130604
2023-07-15,3.1714112358167768,11.640908103436232,5.198567071929574,2.2955836448818445,3.1675941031426187
2023-07-16,2.946503204293549,13.85955585166812,6.232635034248233,2.524918676353991,3.126690248027444
2023-07-17,3.265568045899272,12.448398023843765,5.3050682321190825,2.6383803505450487,3.1238389760255814
2023-07-18,3.137449608184397,12.554840762168169,5.516367293894291,2.4734010407701135,3.218905837275088
2023-07-19,3.2191554363816977,12.817756254225971,5.78101359307766,2.4797353008762,3.254116885364056
2023-07-20,3.378455238416791,12.824325151741505,5.143440579995513,2.5204076059162617,3.1102535175159574
2023-07-21,3.5223264433443533,12.762533817440273,4.826176129281522,2.460045232437551,3.0683393916115165
2023-07-22,3.454019883647561,11.307769529521465,4.709472516551613,2.5352833326905966,3.1790699623525143
2023-07-23,3.2688204338774085,12.307919561862946,4.831670634448528,2.536581913009286,3.0676012812182307
2023-07-24,3.204062171280384,12.611842453479767,4.927984066307545,2.5349560752511024,2.980249905958772
2023-07-25,3.2587713981047277,13.662767261266707,5.104340203106403,2.5960225984454155,2.914145803079009
2023-07-26,3.468993455171585,11.605501603335142,4.9487205035984525,2.453564442694187,3.069735816679895
2023-07-27,3.4013105370104317,12.509236559271812,5.2686799596995115,2.533734915778041,3.0472526606172323
2023-07-28,3.508493760600686,11.776057351380588,4.7215268947184095,2.5997872464358807,3.1492432253435254
2023-07-29,3.3948401967063546,12.645324356853962,5.092551335692408,2.6263558957725763,3.1229284498840566
2023-07-30,3.391785635612905,11.69997213408351,4.840832417830826,2.5744734797626734,3.1677755434066057
2023-07-31,3.166325921192765,11.283087953925133,4.830016298219562,2.3983515053987503,3.0606972891837363
2023-08-01,3.135915440507233,11.032499000430107,4.583180118352175,2.316335756331682,3.03953479975462
2023-08-02,3.281039865687489,10.769479013979435,4.77206703275442,2.350001474842429,3.049576235935092
2023-08-03,3.104769461788237,12.901983484625815,5.104575790464878,2.37812542822212,2.8369553200900555
2023-08-04,3.0841220822185282,13.11880649998784,5.5833178013563165,2.489958652295172,3.0550783406943083
2023-08-05,3.2471532840281725,11.631325017660856,4.953040396794677,2.525526168756187,3.1129292864352465
2023-08-06,3.3256447222083807,11.409818753600119,4.700605217367412,2.465594597160816,3.0204358370974664
2023-08-07,2.9194104205816984,13.077596761286259,5.981169752776622,2.5518891541287303,3.0101695004850626
2023-08-08,2.957125771790743,12.512653525918722,4.924138197675346,2.5036212941631675,2.942331740632653
2023-08-09,3.726224452257157,10.860105101019144,4.584690537303687,2.4534240877255797,3.1158696161583066
2023-08-10,3.060473813675344,13.581579867750404,6.168738612905145,2.5330749386921525,2.9925975808873773
2023-08-11,3.361838730052113,12.344752885401249,4.683182202279569,2.6824195124208927,3.18877131678164
2023-08-12,3.2019931823015213,12.308700419962404,5.025259321555495,2.5559867592528462,3.068446023389697
2023-08-13,3.1777728069573636,12.728841975331305,5.279734041541817,3.0053375847637653,3.1686718203127384
2023-08-14,2.752182581461966,12.33990529552102,5.0966736394912004,2.6400211500003934,3.0969029339030385
2023-08-15,2.6361258840188384,13.572110775858164,5.496048359200358,2.5125648267567158,2.8944132244214416
2023-08-16,2.895912006497383,13.315217010676859,4.9594188295304775,2.4925930984318256,2.9041756130754948
2023-08-17,2.816395810805261,13.06826351210475,5.181277524679898,2.373783686198294,2.897364953532815
2023-08-18,2.7347866399213667,12.721334528177975,4.660641336813568,2.5469083338975906,2.8826723294332623
2023-08-19,2.92598573025316,10.685980394482614,4.507574150338768,2.299879789352417,3.1001085368916392
2023-08-20,2.7467728592455387,11.93184994161129,4.3345433101058015,2.3319417564198375,3.0156974913552403
2023-08-21,2.6499331556260586,12.323503475636244,5.2192469872534275,2.3324996139854193,2.9046099772676826
2023-08-22,2.8159894701093435,12.073493041098118,4.420128967612981,2.3058943916112185,2.922502029687166
2023-08-23,2.8392762830480933,12.127626836299894,4.4673566333949575,2.202936541289091,2.9835025314241648
2023-08-24,2.2999353613704443,13.537818565964699,4.11457453854382,2.3128639301285148,2.4657138157635927
2023-08-25,2.3698665713891387,13.441124204546213,5.314238090068101,2.335211718454957,2.8289258759468794
2023-08-26,2.64083169400692,11.801216751337053,4.465210223570466,2.4247059412300587,3.024846925400197
2023-08-27,3.0634918017312884,12.332534641027449,4.604737311601639,2.5899239256978035,3.237348860129714
2023-08-28,2.9370789974927902,12.76938010007143,5.432854425162077,2.4719362193718553,3.321580840274692
2023-08-29,2.8842618316411968,12.071752734482287,4.830255210399628,2.4548292998224497,3.2071573426947
2023-08-30,2.821160042658448,12.8332613222301,4.4398741330951434,2.5703176902607083,3.2293719006702304
2023-08-31,3.2985194027423863,11.64185045287013,4.529432477429508,2.521987846121192,3.2806917093694214
2023-09-01,3.694935743696988,11.860501170158384,4.58290273323655,2.542157401330769,3.335558865219354
2023-09-02,3.2600535918027163,12.113950420171022,4.529907451942564,2.4856475461274385,3.301220345310867
2023-09-03,3.393341414630413,10.948084630072117,4.432786563411356,2.4602378346025944,3.315183646045625
2023-09-04,2.8678322257474065,12.205250021070242,4.472579453140497,2.4475253792479634,3.1193488044664264
2023-09-05,2.8879148606210947,11.34554710239172,4.338254760950804,2.5334435189142823,3.044054419733584
2023-09-06,3.3082518680021167,12.916065528988838,4.6499292366206655,2.604888235218823,3.1026190146803856
2023-09-07,2.8733188938349485,12.712979726493359,4.216118864715098,2.495834087021649,2.9900049325078726
2023-09-08,2.6059524156153198,11.014600060880184,4.66742254793644,2.0966690685600042,3.006032947450876
2023-09-09,2.6451746234670286,10.863312128931284,5.04453188739717,1.9704158557578921,3.0368780298158526
2023-09-10,2.7698152977973223,11.716881226748226,5.224230419844389,2.00399536639452,3.0052941245958213
2023-09-11,2.996194800361991,11.516290940344335,4.824776379391551,2.2008801391348243,3.0136275524273515
2023-09-12,2.8785571502521634,13.762577455490828,4.570252262055874,2.4150197859853506,2.975133955478668
2023-09-13,2.727714031934738,14.229448903352024,4.818923268467189,2.2325255535542965,2.930040587671101
2023-09-14,3.124574711546302,12.391439080238342,4.421053268015385,2.320321029983461,3.159282524138689
2023-09-15,3.0995399923995137,12.772963307797909,4.5789290964603415,2.267547086812556,2.971038012765348
2023-09-16,3.1213144864887,12.81599409878254,5.093874614685773,2.365443608723581,3.2530543673783536
2023-09-17,3.072205446660518,13.191660940647125,4.342972682788968,2.16350463218987,3.5923996707424517
2023-09-18,2.5020745396614075,14.329393990337849,5.4692008998245,2.256408459506929,3.15496904309839
2023-09-19,2.8394249500706787,12.867739722132685,4.516261909157039,2.417692942544818,3.424005531705916
2023-09-20,3.183150705881417,13.042049668729305,4.3000829592347145,2.33746737241745,3.22922632098198
2023-09-21,3.3782225009053946,12.647819872945547,4.355375217273831,2.3987963190302253,3.026374443434179
2023-09-22,3.0978398211300373,12.674535289406776,4.675083886831999,2.134887892752886,2.838388318195939
2023-09-23,2.5960330478847027,14.08961545675993,5.969346687197684,2.133347075432539,2.7721535973250866
2023-09-24,2.4499470368027687,14.435706585645676,6.223679864779115,2.1974121127277613,2.8596838004887104
2023-09-25,2.4704379122704268,14.784142188727856,5.598547384142876,2.377082146704197,2.83000145573169
2023-09-26,2.6244436483830214,14.035466462373734,5.1172794587910175,2.1833034697920084,2.7345980750396848
2023-09-27,2.9185690032318234,11.078694071620703,4.382562283426523,2.5038516568019986,2.8215236356481914
2023-09-28,2.7684245724231005,13.393919337540865,5.3360731434077024,2.151718852110207,2.572663589380681
2023-09-29,2.584035904146731,12.887795045971869,5.188068710267544,2.257105722092092,2.6936621591448784
2023-09-30,2.483942625112832,13.904766775667667,5.347683420404792,2.3415621276944876,2.723455410450697
2023-10-01,2.929261866956949,13.559133522212505,4.3695812299847585,2.446473785676062,3.040641965344548
2023-10-02,3.0201515648514032,13.54638520628214,4.207770237699152,2.411696151830256,3.3974197832867503
2023-10-03,2.9672218300402164,13.588473647832869,4.289821609854698,2.4193971510976553,3.3073099935427313
2023-10-04,3.0096895387396216,10.94454512000084,4.349686922505498,2.3854742338880897,2.890571868047118
2023-10-05,2.9211761383339763,10.861413180828094,4.4514910597354165,2.52380414865911,2.713611563667655
2023-10-06,2.951446501538157,10.780156441032887,5.184832233935595,2.0259441761299968,2.8135516634210944
2023-10-07,2.6569927018135786,12.08746299147606,4.485759045928717,2.034109700471163,2.61700127273798
2023-10-08,2.959352214820683,10.486396104097368,4.304938148707151,1.9150795438326895,2.6454189978539944
2023-10-09,2.9388326033949848,10.783563908189537,4.162163184955716,1.9735402381047606,2.5784566160291438
2023-10-10,3.319853832945228,10.149742718786,4.172692894935608,1.9415761157870293,2.7213966334238653
2023-10-11,3.111494863405824,9.491944815963508,4.369745571166277,2.0643014553934336,2.672317279502749
2023-10-12,3.421129323542118,12.111107222735882,4.244337575510143,2.185704940930009,2.774782106280327
2023-10-13,3.2108790054917336,12.922917511314154,4.345330931246282,2.165156356059015,2.6483538653701544
2023-10-14,2.7918189670890565,13.824516981840134,5.258240969851613,2.1543820342049003,2.6739203184843063
2023-10-15,3.0190519988536835,13.154460936784744,4.3670619651675215,2.25418534129858,2.7312321681529284
2023-10-16,3.2990893721580505,13.107651248574257,4.235900603234768,2.2075991285964847,2.6511894632130857
2023-10-17,3.203317648731172,13.829898443073034,4.3095468264073125,2.2628833120688796,2.6148304017260666
2023-10-18,3.4768378967419267,12.660725880414248,4.605056969448924,2.42604061961174,2.9363335249945517
2023-10-19,3.469654144719243,11.824672892689705,4.330459004268049,2.2944299317896366,2.8926950041204686
2023-10-20,2.729495423845947,13.265945054590702,4.340404970571399,2.2936775721609592,2.8374212700873613
2023-10-21,2.6520657911896706,13.929556645452974,4.587419740855693,2.476179404184222,2.7490950096398588
2023-10-22,3.1059511983767147,12.469945717602966,4.124725218862295,2.311403858475387,2.656045127660036
2023-10-23,3.0842144647613168,10.024175606667997,4.2559013050049534,2.4834009166806936,2.7327231131494045
2023-10-24,2.864358499646187,10.904002245515585,3.804256115108728,2.2268149349838495,2.6344615733250976
2023-10-25,2.987958267331124,10.461695529520512,3.7904224824160337,2.129473420791328,2.7000258676707745
2023-10-26,2.909122947603464,9.938568100333212,3.7670589610934258,2.2109408117830753,2.698078234679997
2023-10-27,3.0402491614222527,12.49086169525981,3.928802032023668,2.3800457501783967,2.615425307303667
2023-10-28,3.132459763437509,12.299584709107876,4.002415481954813,2.4044896010309458,2.8634489234536886
2023-10-29,2.475419444963336,12.108642105013132,4.0819490142166615,2.3015512246638536,2.6592317316681147
2023-10-30,2.4253818299621344,12.511955313384533,4.18942054733634,2.248551193624735,2.773554059676826
2023-10-31,2.7007212303578854,11.935066469013693,4.031075444072485,2.3179782181978226,2.653137808665633
2023-11-01,2.6580922678112984,11.621134914457798,4.0590794663876295,2.2913295356556773,2.9295677505433564
2023-11-02,2.9633132647722964,12.64440005645156,4.0025712735950965,2.4436009023338556,2.6108403783291583
2023-11-03,3.1198563147336245,12.269674614071846,4.0000843070447445,2.453933022916317,2.638382250443101
2023-11-04,3.008661931380629,12.315666396170855,4.121166709810495,2.54996906965971,2.744564940221608
2023-11-05,2.85982059314847,12.21398290246725,4.019591035321355,2.4545818381011486,2.6017949637025595
2023-11-06,2.85672162193805,12.786272093653679,4.0821000561118135,2.4654098320752382,2.4913052050396804
2023-11-07,2.724132724106312,11.81038660928607,3.824656270444393,2.257520374841988,2.6689143246039753
2023-11-08,2.67264619935304,10.547760911285877,3.81052031647414,2.1586537174880505,2.439185776747763
